temp,humidity,pressure,wind_speed,rain_1h,rain_3h,rain_6h,rain_24h,rain_intensity,temp_delta,humidity_delta,hour,minute,second,day,month,year
27.94453687047281,64.5611237549107,1028.9586053295461,3.124292284768726,22.71808230569253,61.065024499449684,128.58332737270447,102.48068647381716,2.7646826882824636,2.980148873150661,3.880744627124564,18,45,2,19,10,2025
