temp,humidity,pressure,wind_speed,rain_1h,rain_3h,rain_6h,rain_24h,rain_intensity,temp_delta,humidity_delta,hour,minute,second,day,month,year
23.616344425915795,93.77774099875404,982.2405892222258,3.4800601770401096,24.20586610875561,66.72891844752866,39.02480882303184,218.03565113251722,7.391709070438328,1.9924869307274982,3.438465921395448,18,35,1,19,10,2025
