temp,humidity,pressure,wind_speed,rain_1h,rain_3h,rain_6h,rain_24h,rain_intensity,temp_delta,humidity_delta,hour,minute,second,day,month,year
24.96438799732215,60.68037912778613,1002.0878834855325,9.20244471756008,18.40965253732832,62.11643085438738,142.75142106959905,298.35614765791524,6.200035478550595,0.8087451063833377,-38.92586345457823,18,40,2,19,10,2025
