temp,humidity,pressure,wind_speed,rain_1h,rain_3h,rain_6h,rain_24h,rain_intensity,temp_delta,humidity_delta,hour,minute,second,day,month,year
26.677882949654435,67.92016653860216,1032.2990839605825,17.16970506787177,24.83178319386444,60.37149717890184,149.3701094450998,100.99327615070692,8.917454672644494,-1.2666539208183742,3.3590427836914643,18,50,2,19,10,2025
