temp,humidity,pressure,wind_speed,rain_1h,rain_3h,rain_6h,rain_24h,rain_intensity,temp_delta,humidity_delta,hour,minute,second,day,month,year
31.44480323120907,77.7472877692728,1045.7953256297699,10.471483713714065,15.684336286512599,50.67720551758686,73.4602858975755,163.69495393032844,5.071073770712934,4.766920281554636,9.827121230670642,18,55,2,19,10,2025
