temp,humidity,pressure,wind_speed,rain_1h,rain_3h,rain_6h,rain_24h,rain_intensity,temp_delta,humidity_delta,hour,minute,second,day,month,year
29.368928171431655,74.88996634545398,998.3382299814238,0.04812265244534375,3.4088356076710613,55.19330891839712,86.31798553027812,245.24818332223077,0.20401721995639388,0.8195678941827325,-13.558885114450376,19,5,1,19,10,2025
