temp,humidity,pressure,wind_speed,rain_1h,rain_3h,rain_6h,rain_24h,rain_intensity,temp_delta,humidity_delta,hour,minute,second,day,month,year
21.609707520774826,98.09140602430419,994.6472487301116,11.478785930597704,13.013553231313656,27.955241932419774,98.05597838110614,102.28540536681274,2.263446384694141,-7.759220650656825,23.201439678850207,19,10,1,19,10,2025
