temp,humidity,pressure,wind_speed,rain_1h,rain_3h,rain_6h,rain_24h,rain_intensity,temp_delta,humidity_delta,hour,minute,second,day,month,year
21.623857495188297,90.33927507735861,1024.4630149319833,16.94945051771731,4.630008403528966,39.421925760339334,26.702276769968847,246.59233844791422,3.6903669287987526,0.12712124586293783,28.78125788922705,18,34,45,19,10,2025
