temp,humidity,pressure,wind_speed,rain_1h,rain_3h,rain_6h,rain_24h,rain_intensity,temp_delta,humidity_delta,hour,minute,second,day,month,year
28.549360277248923,88.44885145990436,1043.2961166039086,10.67244770856622,16.48893278785976,21.011192791940907,135.02650713657525,297.0956079058484,7.851635287787451,-2.895442953960149,10.70156369063156,19,0,1,19,10,2025
