temp,humidity,pressure,wind_speed,rain_1h,rain_3h,rain_6h,rain_24h,rain_intensity,temp_delta,humidity_delta,year,month,day,hour,minute,second
31.32626334356764,82.9993089380162,1010.8058787701416,8.369109154181565,2.5932255313317345,24.894238777446887,78.65422241779977,79.33849736625136,5.464725315567725,5.139231889999678,20.956071736546136,2025,10,18,21,55,1
