temp,humidity,pressure,wind_speed,rain_1h,rain_3h,rain_6h,rain_24h,rain_intensity,temp_delta,humidity_delta,year,month,day,hour,minute,second
29.232924779054578,95.10294109716382,1004.3042184320865,7.18729347272125,1.7081861128305287,14.823688346445572,9.179900834560478,34.52293384583267,6.295386075311946,-2.793341105950752,6.100103524872097,2025,10,18,21,45,1
