temp,humidity,pressure,wind_speed,rain_1h,rain_3h,rain_6h,rain_24h,rain_intensity,temp_delta,humidity_delta,hour,minute,second,day,month,year
24.155642890938815,99.60624258236436,1015.3970611608719,4.073372383164258,22.002071890683204,41.62924691760287,15.741643616346291,90.85842546814322,0.9435476131554132,0.5392984650230197,5.8285015836103184,18,36,17,19,10,2025
